,path_to_image,fake_real,conf
0,image_T1.jpg,1,0.9930393099784851
1,moire.jpg,0,0.9997816681861877
2,temp2.jpg,0,0.9930461049079895
